attachment_id,filename,url,used_by,local_path,bytes,status
428,LDAN-01.jpg,https://tuexhibidor.cl/wp-content/uploads/2014/11/LDAN-01.jpg,post_content_class,export/wp-media-en-uso/2014/11/LDAN-01.jpg,9834461,ok
430,LDAN-02.jpg,https://tuexhibidor.cl/wp-content/uploads/2014/11/LDAN-02.jpg,product_thumbnail; post_content_class,export/wp-media-en-uso/2014/11/LDAN-02.jpg,1714838,ok
431,LDAN-03.jpg,https://tuexhibidor.cl/wp-content/uploads/2014/11/LDAN-03.jpg,product_thumbnail; product_gallery; post_content_class,export/wp-media-en-uso/2014/11/LDAN-03.jpg,11124268,ok
438,PNM-001.jpg,https://tuexhibidor.cl/wp-content/uploads/2014/11/PNM-001.jpg,product_gallery,export/wp-media-en-uso/2014/11/PNM-001.jpg,10519265,ok
439,PNM-002.jpg,https://tuexhibidor.cl/wp-content/uploads/2014/11/PNM-002.jpg,product_thumbnail; product_gallery,export/wp-media-en-uso/2014/11/PNM-002.jpg,10917086,ok
442,7XNL-01.jpg,https://tuexhibidor.cl/wp-content/uploads/2014/11/7XNL-01.jpg,product_thumbnail; product_gallery,export/wp-media-en-uso/2014/11/7XNL-01.jpg,8476897,ok
443,7XNL-02.jpg,https://tuexhibidor.cl/wp-content/uploads/2014/11/7XNL-02.jpg,product_gallery,export/wp-media-en-uso/2014/11/7XNL-02.jpg,8243277,ok
447,342-CB2414B-01.jpg,https://tuexhibidor.cl/wp-content/uploads/2019/05/342-CB2414B-01.jpg,product_gallery,export/wp-media-en-uso/2019/05/342-CB2414B-01.jpg,2653236,ok
448,342-CB2414B-02.jpg,https://tuexhibidor.cl/wp-content/uploads/2019/05/342-CB2414B-02.jpg,product_thumbnail; product_gallery; option_serialized,export/wp-media-en-uso/2019/05/342-CB2414B-02.jpg,2399864,ok
450,LED3R-01.jpg,https://tuexhibidor.cl/wp-content/uploads/2019/05/LED3R-01.jpg,product_gallery; option_serialized,export/wp-media-en-uso/2019/05/LED3R-01.jpg,2160364,ok
451,LED3R-02.jpg,https://tuexhibidor.cl/wp-content/uploads/2019/05/LED3R-02.jpg,product_thumbnail; product_gallery,export/wp-media-en-uso/2019/05/LED3R-02.jpg,1965894,ok
453,L-2442S-01.jpg,https://tuexhibidor.cl/wp-content/uploads/2019/05/L-2442S-01.jpg,product_thumbnail; product_gallery,export/wp-media-en-uso/2019/05/L-2442S-01.jpg,3485232,ok
454,L-2442S-02.jpg,https://tuexhibidor.cl/wp-content/uploads/2019/05/L-2442S-02.jpg,product_gallery,export/wp-media-en-uso/2019/05/L-2442S-02.jpg,2945196,ok
457,P-M1H-01.jpg,https://tuexhibidor.cl/wp-content/uploads/2019/05/P-M1H-01.jpg,product_thumbnail; product_gallery,export/wp-media-en-uso/2019/05/P-M1H-01.jpg,1000327,ok
458,P-M1H-02.jpg,https://tuexhibidor.cl/wp-content/uploads/2019/05/P-M1H-02.jpg,product_gallery,export/wp-media-en-uso/2019/05/P-M1H-02.jpg,861523,ok
460,L-MD2-01.jpg,https://tuexhibidor.cl/wp-content/uploads/2019/05/L-MD2-01.jpg,product_gallery,export/wp-media-en-uso/2019/05/L-MD2-01.jpg,1560061,ok
461,L-MD2-02.jpg,https://tuexhibidor.cl/wp-content/uploads/2019/05/L-MD2-02.jpg,product_thumbnail; product_gallery,export/wp-media-en-uso/2019/05/L-MD2-02.jpg,1217658,ok
462,L-MD-03.jpg,https://tuexhibidor.cl/wp-content/uploads/2019/05/L-MD-03.jpg,product_gallery; option_class,export/wp-media-en-uso/2019/05/L-MD-03.jpg,762368,ok
464,L-ML-01.jpg,https://tuexhibidor.cl/wp-content/uploads/2019/05/L-ML-01.jpg,product_thumbnail; product_gallery,export/wp-media-en-uso/2019/05/L-ML-01.jpg,3580087,ok
465,L-ML-02.jpg,https://tuexhibidor.cl/wp-content/uploads/2019/05/L-ML-02.jpg,product_gallery,export/wp-media-en-uso/2019/05/L-ML-02.jpg,3186757,ok
466,L-ML-03.jpg,https://tuexhibidor.cl/wp-content/uploads/2019/05/L-ML-03.jpg,product_gallery,export/wp-media-en-uso/2019/05/L-ML-03.jpg,1747193,ok
468,L-M6-01.jpg,https://tuexhibidor.cl/wp-content/uploads/2019/05/L-M6-01.jpg,product_gallery,export/wp-media-en-uso/2019/05/L-M6-01.jpg,1726858,ok
469,L-M6-02.jpg,https://tuexhibidor.cl/wp-content/uploads/2019/05/L-M6-02.jpg,product_thumbnail:TUE-AR-039; product_gallery,export/wp-media-en-uso/2019/05/L-M6-02.jpg,1641734,ok
472,L-ME3-01.jpg,https://tuexhibidor.cl/wp-content/uploads/2019/05/L-ME3-01.jpg,product_thumbnail; product_gallery,export/wp-media-en-uso/2019/05/L-ME3-01.jpg,1680893,ok
473,L-ME3-02.jpg,https://tuexhibidor.cl/wp-content/uploads/2019/05/L-ME3-02.jpg,product_gallery,export/wp-media-en-uso/2019/05/L-ME3-02.jpg,1954264,ok
474,L-ME3-03-1.jpg,https://tuexhibidor.cl/wp-content/uploads/2019/05/L-ME3-03-1.jpg,product_gallery,export/wp-media-en-uso/2019/05/L-ME3-03-1.jpg,5617336,ok
476,HE14-01.jpg,https://tuexhibidor.cl/wp-content/uploads/2019/05/HE14-01.jpg,product_gallery,export/wp-media-en-uso/2019/05/HE14-01.jpg,2206815,ok
477,HE14-02.jpg,https://tuexhibidor.cl/wp-content/uploads/2019/05/HE14-02.jpg,product_thumbnail; product_gallery,export/wp-media-en-uso/2019/05/HE14-02.jpg,2017517,ok
478,HE14-03.jpg,https://tuexhibidor.cl/wp-content/uploads/2019/05/HE14-03.jpg,product_gallery,export/wp-media-en-uso/2019/05/HE14-03.jpg,2360362,ok
480,251-T2B-02.jpg,https://tuexhibidor.cl/wp-content/uploads/2019/05/251-T2B-02.jpg,product_thumbnail; product_gallery,export/wp-media-en-uso/2019/05/251-T2B-02.jpg,5652244,ok
481,251-T2B-03.jpg,https://tuexhibidor.cl/wp-content/uploads/2019/05/251-T2B-03.jpg,product_gallery,export/wp-media-en-uso/2019/05/251-T2B-03.jpg,6470101,ok
482,251-T2B-04.jpg,https://tuexhibidor.cl/wp-content/uploads/2019/05/251-T2B-04.jpg,product_gallery,export/wp-media-en-uso/2019/05/251-T2B-04.jpg,5180383,ok
485,L-CR6-01.jpg,https://tuexhibidor.cl/wp-content/uploads/2019/05/L-CR6-01.jpg,product_gallery,export/wp-media-en-uso/2019/05/L-CR6-01.jpg,1669986,ok
486,L-CR6-02.jpg,https://tuexhibidor.cl/wp-content/uploads/2019/05/L-CR6-02.jpg,product_thumbnail; product_gallery,export/wp-media-en-uso/2019/05/L-CR6-02.jpg,2180487,ok
487,L-CR6-03.jpg,https://tuexhibidor.cl/wp-content/uploads/2019/05/L-CR6-03.jpg,product_gallery; post_content_class,export/wp-media-en-uso/2019/05/L-CR6-03.jpg,1114218,ok
489,7-BB1-01.jpg,https://tuexhibidor.cl/wp-content/uploads/2019/05/7-BB1-01.jpg,product_gallery,export/wp-media-en-uso/2019/05/7-BB1-01.jpg,2400579,ok
490,7-BB1-03.jpg,https://tuexhibidor.cl/wp-content/uploads/2019/05/7-BB1-03.jpg,product_thumbnail; product_gallery,export/wp-media-en-uso/2019/05/7-BB1-03.jpg,3524473,ok
491,7-BB1-04.jpg,https://tuexhibidor.cl/wp-content/uploads/2019/05/7-BB1-04.jpg,product_gallery,export/wp-media-en-uso/2019/05/7-BB1-04.jpg,3121197,ok
493,7-88D-01.jpg,https://tuexhibidor.cl/wp-content/uploads/2019/05/7-88D-01.jpg,product_gallery,export/wp-media-en-uso/2019/05/7-88D-01.jpg,1932177,ok
494,7-88D-02.jpg,https://tuexhibidor.cl/wp-content/uploads/2019/05/7-88D-02.jpg,product_thumbnail; product_gallery,export/wp-media-en-uso/2019/05/7-88D-02.jpg,2904399,ok
495,7-88D-03.jpg,https://tuexhibidor.cl/wp-content/uploads/2019/05/7-88D-03.jpg,product_gallery,export/wp-media-en-uso/2019/05/7-88D-03.jpg,3082946,ok
497,L-F13A-01-1.jpg,https://tuexhibidor.cl/wp-content/uploads/2019/05/L-F13A-01-1.jpg,product_thumbnail; product_gallery,export/wp-media-en-uso/2019/05/L-F13A-01-1.jpg,1920748,ok
498,L-F13A-02.jpg,https://tuexhibidor.cl/wp-content/uploads/2019/05/L-F13A-02.jpg,product_gallery,export/wp-media-en-uso/2019/05/L-F13A-02.jpg,1790094,ok
499,L-F13A-03.jpg,https://tuexhibidor.cl/wp-content/uploads/2019/05/L-F13A-03.jpg,product_gallery,export/wp-media-en-uso/2019/05/L-F13A-03.jpg,1555846,ok
501,L-F13B-01.jpg,https://tuexhibidor.cl/wp-content/uploads/2019/05/L-F13B-01.jpg,product_gallery,export/wp-media-en-uso/2019/05/L-F13B-01.jpg,2323416,ok
502,L-F13B-02.jpg,https://tuexhibidor.cl/wp-content/uploads/2019/05/L-F13B-02.jpg,product_gallery,export/wp-media-en-uso/2019/05/L-F13B-02.jpg,2779539,ok
503,L-F13B-03.jpg,https://tuexhibidor.cl/wp-content/uploads/2019/05/L-F13B-03.jpg,product_thumbnail; product_gallery,export/wp-media-en-uso/2019/05/L-F13B-03.jpg,3460336,ok
505,L-BS5-01.jpg,https://tuexhibidor.cl/wp-content/uploads/2019/05/L-BS5-01.jpg,product_thumbnail; product_gallery,export/wp-media-en-uso/2019/05/L-BS5-01.jpg,7433524,ok
506,L-BS5-02.jpg,https://tuexhibidor.cl/wp-content/uploads/2019/05/L-BS5-02.jpg,product_gallery,export/wp-media-en-uso/2019/05/L-BS5-02.jpg,3366347,ok
507,L-BS5-03.jpg,https://tuexhibidor.cl/wp-content/uploads/2019/05/L-BS5-03.jpg,product_gallery,export/wp-media-en-uso/2019/05/L-BS5-03.jpg,4540972,ok
512,L-HE12-01.jpg,https://tuexhibidor.cl/wp-content/uploads/2019/05/L-HE12-01.jpg,product_gallery,export/wp-media-en-uso/2019/05/L-HE12-01.jpg,3278067,ok
513,L-HE12-02.jpg,https://tuexhibidor.cl/wp-content/uploads/2019/05/L-HE12-02.jpg,product_gallery,export/wp-media-en-uso/2019/05/L-HE12-02.jpg,3225759,ok
514,L-HE12-03.jpg,https://tuexhibidor.cl/wp-content/uploads/2019/05/L-HE12-03.jpg,product_gallery,export/wp-media-en-uso/2019/05/L-HE12-03.jpg,2659303,ok
515,L-HE12-04.jpg,https://tuexhibidor.cl/wp-content/uploads/2019/05/L-HE12-04.jpg,product_thumbnail; product_gallery,export/wp-media-en-uso/2019/05/L-HE12-04.jpg,4134134,ok
522,P-SC25-01.jpg,https://tuexhibidor.cl/wp-content/uploads/2019/05/P-SC25-01.jpg,product_thumbnail,export/wp-media-en-uso/2019/05/P-SC25-01.jpg,3934291,ok
531,L-H234-01.jpg,https://tuexhibidor.cl/wp-content/uploads/2019/05/L-H234-01.jpg,product_thumbnail; product_gallery,export/wp-media-en-uso/2019/05/L-H234-01.jpg,3226407,ok
532,L-H234-02.jpg,https://tuexhibidor.cl/wp-content/uploads/2019/05/L-H234-02.jpg,product_gallery,export/wp-media-en-uso/2019/05/L-H234-02.jpg,3571932,ok
533,L-H234-03.jpg,https://tuexhibidor.cl/wp-content/uploads/2019/05/L-H234-03.jpg,product_gallery,export/wp-media-en-uso/2019/05/L-H234-03.jpg,2899727,ok
535,L-ME4-01.jpg,https://tuexhibidor.cl/wp-content/uploads/2019/05/L-ME4-01.jpg,product_thumbnail; product_gallery,export/wp-media-en-uso/2019/05/L-ME4-01.jpg,2783455,ok
536,L-ME4-02.jpg,https://tuexhibidor.cl/wp-content/uploads/2019/05/L-ME4-02.jpg,product_gallery,export/wp-media-en-uso/2019/05/L-ME4-02.jpg,2501040,ok
575,cropped-the-exhibidor-logo.png,https://tuexhibidor.cl/wp-content/uploads/2019/06/cropped-the-exhibidor-logo.png,site_icon; post_content_url,export/wp-media-en-uso/2019/06/cropped-the-exhibidor-logo.png,17238,ok
756,tue-bc-001-bandeja-para-charms-encantos-cuadros-5-cm-x-5-cm-35-cuadros.jpg,https://tuexhibidor.cl/wp-content/uploads/2026/07/tue-bc-001-bandeja-para-charms-encantos-cuadros-5-cm-x-5-cm-35-cuadros.jpg,site_catalog; upload_2026_07; recent_upload,export/wp-media-en-uso/2026/07/tue-bc-001-bandeja-para-charms-encantos-cuadros-5-cm-x-5-cm-35-cuadros.jpg,16670,ok
758,tue-bc-002-bandeja-para-charms-encantos-cuadros-5-cm-x-5-cm-35-cuadros.jpg,https://tuexhibidor.cl/wp-content/uploads/2026/07/tue-bc-002-bandeja-para-charms-encantos-cuadros-5-cm-x-5-cm-35-cuadros.jpg,site_catalog; upload_2026_07; recent_upload,export/wp-media-en-uso/2026/07/tue-bc-002-bandeja-para-charms-encantos-cuadros-5-cm-x-5-cm-35-cuadros.jpg,52191,ok
760,tue-bc-003-bandeja-para-charms-encantos-con-tapa-removible-cuadros-5-cm-.jpg,https://tuexhibidor.cl/wp-content/uploads/2026/07/tue-bc-003-bandeja-para-charms-encantos-con-tapa-removible-cuadros-5-cm-.jpg,site_catalog; upload_2026_07; recent_upload,export/wp-media-en-uso/2026/07/tue-bc-003-bandeja-para-charms-encantos-con-tapa-removible-cuadros-5-cm-.jpg,21675,ok
772,tue-an-011-set-de-cilindros-para-anillos.jpg,https://tuexhibidor.cl/wp-content/uploads/2026/07/tue-an-011-set-de-cilindros-para-anillos.jpg,site_catalog; upload_2026_07; recent_upload,export/wp-media-en-uso/2026/07/tue-an-011-set-de-cilindros-para-anillos.jpg,168142,ok
784,tue-an-016-exhibidor-hexagonal-para-14-anillos.jpg,https://tuexhibidor.cl/wp-content/uploads/2026/07/tue-an-016-exhibidor-hexagonal-para-14-anillos.jpg,site_catalog; upload_2026_07; recent_upload,export/wp-media-en-uso/2026/07/tue-an-016-exhibidor-hexagonal-para-14-anillos.jpg,38913,ok
798,tue-pu-022-exhibidor-para-pulseras-rigidas-altura-3-cm.jpg,https://tuexhibidor.cl/wp-content/uploads/2026/07/tue-pu-022-exhibidor-para-pulseras-rigidas-altura-3-cm.jpg,site_catalog; upload_2026_07; recent_upload,export/wp-media-en-uso/2026/07/tue-pu-022-exhibidor-para-pulseras-rigidas-altura-3-cm.jpg,175115,ok
808,tue-pu-027-exhibidor-de-pulseras-con-doble-soporte-horizontal-sencillo.jpg,https://tuexhibidor.cl/wp-content/uploads/2026/07/tue-pu-027-exhibidor-de-pulseras-con-doble-soporte-horizontal-sencillo.jpg,site_catalog; upload_2026_07; recent_upload,export/wp-media-en-uso/2026/07/tue-pu-027-exhibidor-de-pulseras-con-doble-soporte-horizontal-sencillo.jpg,108554,ok
812,tue-pu-029-te-exhibidor-de-pulseras-sencillo.jpg,https://tuexhibidor.cl/wp-content/uploads/2026/07/tue-pu-029-te-exhibidor-de-pulseras-sencillo.jpg,site_catalog; upload_2026_07; recent_upload,export/wp-media-en-uso/2026/07/tue-pu-029-te-exhibidor-de-pulseras-sencillo.jpg,62458,ok
820,tue-re-033-accesorio-para-pulseras-reloj-vertical.jpg,https://tuexhibidor.cl/wp-content/uploads/2026/07/tue-re-033-accesorio-para-pulseras-reloj-vertical.jpg,site_catalog; upload_2026_07; recent_upload,export/wp-media-en-uso/2026/07/tue-re-033-accesorio-para-pulseras-reloj-vertical.jpg,67544,ok
847,tue-ba-034-exhibidor-plano-para-21-pares-de-aros.jpg,https://tuexhibidor.cl/wp-content/uploads/2026/07/tue-ba-034-exhibidor-plano-para-21-pares-de-aros.jpg,site_catalog; upload_2026_07; recent_upload,export/wp-media-en-uso/2026/07/tue-ba-034-exhibidor-plano-para-21-pares-de-aros.jpg,114772,ok
851,tue-s-035-accesorio-para-aros-l-ml.jpg,https://tuexhibidor.cl/wp-content/uploads/2026/07/tue-s-035-accesorio-para-aros-l-ml.jpg,site_catalog; upload_2026_07; recent_upload,export/wp-media-en-uso/2026/07/tue-s-035-accesorio-para-aros-l-ml.jpg,66938,ok
855,tue-s-037-accesorio-para-aros-l-md22.jpg,https://tuexhibidor.cl/wp-content/uploads/2026/07/tue-s-037-accesorio-para-aros-l-md22.jpg,site_catalog; upload_2026_07; recent_upload,export/wp-media-en-uso/2026/07/tue-s-037-accesorio-para-aros-l-md22.jpg,91783,ok
922,xnl-e-35-2.jpg,https://tuexhibidor.cl/wp-content/uploads/2026/07/xnl-e-35-2.jpg,product_gallery; upload_2026_07; recent_upload,export/wp-media-en-uso/2026/07/xnl-e-35-2.jpg,832279,ok
923,xnl-e-35.jpg,https://tuexhibidor.cl/wp-content/uploads/2026/07/xnl-e-35.jpg,product_gallery; upload_2026_07; recent_upload,export/wp-media-en-uso/2026/07/xnl-e-35.jpg,822137,ok
925,PicsArt_02-11-11.46.30.jpg,https://tuexhibidor.cl/wp-content/uploads/2026/07/PicsArt_02-11-11.46.30.jpg,post_content_class; upload_2026_07; recent_upload,export/wp-media-en-uso/2026/07/PicsArt_02-11-11.46.30.jpg,173910,ok
926,PicsArt_02-11-11.48.29.jpg,https://tuexhibidor.cl/wp-content/uploads/2026/07/PicsArt_02-11-11.48.29.jpg,post_content_class; upload_2026_07; recent_upload,export/wp-media-en-uso/2026/07/PicsArt_02-11-11.48.29.jpg,172172,ok
928,PicsArt_10-03-12.56.53.jpg,https://tuexhibidor.cl/wp-content/uploads/2026/07/PicsArt_10-03-12.56.53.jpg,post_content_class; upload_2026_07; recent_upload,export/wp-media-en-uso/2026/07/PicsArt_10-03-12.56.53.jpg,531452,ok
929,PicsArt_10-03-12.57.34.jpg,https://tuexhibidor.cl/wp-content/uploads/2026/07/PicsArt_10-03-12.57.34.jpg,post_content_class; upload_2026_07; recent_upload,export/wp-media-en-uso/2026/07/PicsArt_10-03-12.57.34.jpg,305047,ok
930,PicsArt_10-03-12.55.39.jpg,https://tuexhibidor.cl/wp-content/uploads/2026/07/PicsArt_10-03-12.55.39.jpg,post_content_class; upload_2026_07; recent_upload,export/wp-media-en-uso/2026/07/PicsArt_10-03-12.55.39.jpg,366064,ok
932,PicsArt_10-13-07.06.57.png,https://tuexhibidor.cl/wp-content/uploads/2026/07/PicsArt_10-13-07.06.57.png,post_content_class; upload_2026_07; recent_upload,export/wp-media-en-uso/2026/07/PicsArt_10-13-07.06.57.png,1642167,ok
933,PicsArt_10-13-07.03.02.png,https://tuexhibidor.cl/wp-content/uploads/2026/07/PicsArt_10-13-07.03.02.png,post_content_class; upload_2026_07; recent_upload,export/wp-media-en-uso/2026/07/PicsArt_10-13-07.03.02.png,1639935,ok
943,PicsArt_09-06-08.32.24-1.jpg,https://tuexhibidor.cl/wp-content/uploads/2026/07/PicsArt_09-06-08.32.24-1.jpg,post_content_class; upload_2026_07; recent_upload,export/wp-media-en-uso/2026/07/PicsArt_09-06-08.32.24-1.jpg,410160,ok
944,PicsArt_10-25-09.43.21.jpg,https://tuexhibidor.cl/wp-content/uploads/2026/07/PicsArt_10-25-09.43.21.jpg,post_content_class; upload_2026_07; recent_upload,export/wp-media-en-uso/2026/07/PicsArt_10-25-09.43.21.jpg,71110,ok
945,PicsArt_10-25-09.43.54.jpg,https://tuexhibidor.cl/wp-content/uploads/2026/07/PicsArt_10-25-09.43.54.jpg,post_content_class; upload_2026_07; recent_upload,export/wp-media-en-uso/2026/07/PicsArt_10-25-09.43.54.jpg,164864,ok
947,PicsArt_09-06-08.28.28.jpg,https://tuexhibidor.cl/wp-content/uploads/2026/07/PicsArt_09-06-08.28.28.jpg,post_content_class; upload_2026_07; recent_upload,export/wp-media-en-uso/2026/07/PicsArt_09-06-08.28.28.jpg,118386,ok
948,PicsArt_09-06-08.29.56.png,https://tuexhibidor.cl/wp-content/uploads/2026/07/PicsArt_09-06-08.29.56.png,post_content_class; upload_2026_07; recent_upload,export/wp-media-en-uso/2026/07/PicsArt_09-06-08.29.56.png,2511236,ok
950,795-2-scaled.jpg,https://tuexhibidor.cl/wp-content/uploads/2026/07/795-2-scaled.jpg,post_content_class; upload_2026_07; recent_upload,export/wp-media-en-uso/2026/07/795-2-scaled.jpg,768494,ok
952,793-2.jpg,https://tuexhibidor.cl/wp-content/uploads/2026/07/793-2.jpg,post_content_class; upload_2026_07; recent_upload,export/wp-media-en-uso/2026/07/793-2.jpg,1153109,ok
953,793.jpg,https://tuexhibidor.cl/wp-content/uploads/2026/07/793.jpg,post_content_class; upload_2026_07; recent_upload,export/wp-media-en-uso/2026/07/793.jpg,1132280,ok
954,IMG_20191012_171049-scaled.jpg,https://tuexhibidor.cl/wp-content/uploads/2026/07/IMG_20191012_171049-scaled.jpg,post_content_class; upload_2026_07; recent_upload,export/wp-media-en-uso/2026/07/IMG_20191012_171049-scaled.jpg,129254,ok
955,IMG_20191012_170941-scaled.jpg,https://tuexhibidor.cl/wp-content/uploads/2026/07/IMG_20191012_170941-scaled.jpg,post_content_class; upload_2026_07; recent_upload,export/wp-media-en-uso/2026/07/IMG_20191012_170941-scaled.jpg,95041,ok
957,PicsArt_09-06-08.15.04.png,https://tuexhibidor.cl/wp-content/uploads/2026/07/PicsArt_09-06-08.15.04.png,post_content_class; upload_2026_07; recent_upload,export/wp-media-en-uso/2026/07/PicsArt_09-06-08.15.04.png,4568049,ok
959,PicsArt_10-12-10.28.27.jpg,https://tuexhibidor.cl/wp-content/uploads/2026/07/PicsArt_10-12-10.28.27.jpg,post_content_class; upload_2026_07; recent_upload,export/wp-media-en-uso/2026/07/PicsArt_10-12-10.28.27.jpg,75179,ok
969,IMG_20191002_095458_444.jpg,https://tuexhibidor.cl/wp-content/uploads/2026/07/IMG_20191002_095458_444.jpg,post_content_class; upload_2026_07; recent_upload,export/wp-media-en-uso/2026/07/IMG_20191002_095458_444.jpg,126236,ok
970,e-t3b.jpg,https://tuexhibidor.cl/wp-content/uploads/2026/07/e-t3b.jpg,post_content_class; post_content_url; upload_2026_07; recent_upload,export/wp-media-en-uso/2026/07/e-t3b.jpg,6946,ok
971,bd-t3b.jpg,https://tuexhibidor.cl/wp-content/uploads/2026/07/bd-t3b.jpg,post_content_class; post_content_url; upload_2026_07; recent_upload,export/wp-media-en-uso/2026/07/bd-t3b.jpg,10799,ok
973,PicsArt_09-06-08.22.38.jpg,https://tuexhibidor.cl/wp-content/uploads/2026/07/PicsArt_09-06-08.22.38.jpg,post_content_class; upload_2026_07; recent_upload,export/wp-media-en-uso/2026/07/PicsArt_09-06-08.22.38.jpg,96897,ok
974,PicsArt_09-06-08.23.52.jpg,https://tuexhibidor.cl/wp-content/uploads/2026/07/PicsArt_09-06-08.23.52.jpg,post_content_class; upload_2026_07; recent_upload,export/wp-media-en-uso/2026/07/PicsArt_09-06-08.23.52.jpg,96237,ok
976,PicsArt_09-06-08.21.55.jpg,https://tuexhibidor.cl/wp-content/uploads/2026/07/PicsArt_09-06-08.21.55.jpg,post_content_class; upload_2026_07; recent_upload,export/wp-media-en-uso/2026/07/PicsArt_09-06-08.21.55.jpg,96876,ok
977,IMG_20191104_135242-scaled.jpg,https://tuexhibidor.cl/wp-content/uploads/2026/07/IMG_20191104_135242-scaled.jpg,post_content_class; upload_2026_07; recent_upload,export/wp-media-en-uso/2026/07/IMG_20191104_135242-scaled.jpg,419075,ok
979,PicsArt_10-03-12.52.31.jpg,https://tuexhibidor.cl/wp-content/uploads/2026/07/PicsArt_10-03-12.52.31.jpg,post_content_class; upload_2026_07; recent_upload,export/wp-media-en-uso/2026/07/PicsArt_10-03-12.52.31.jpg,322251,ok
983,IMG_20191026_101430_209.jpg,https://tuexhibidor.cl/wp-content/uploads/2026/07/IMG_20191026_101430_209.jpg,product_gallery; upload_2026_07; recent_upload,export/wp-media-en-uso/2026/07/IMG_20191026_101430_209.jpg,101259,ok
984,IMG_20200207_112107405-scaled.jpg,https://tuexhibidor.cl/wp-content/uploads/2026/07/IMG_20200207_112107405-scaled.jpg,product_gallery; upload_2026_07; recent_upload,export/wp-media-en-uso/2026/07/IMG_20200207_112107405-scaled.jpg,165938,ok
985,IMG_20200207_112115701-scaled.jpg,https://tuexhibidor.cl/wp-content/uploads/2026/07/IMG_20200207_112115701-scaled.jpg,product_gallery; upload_2026_07; recent_upload,export/wp-media-en-uso/2026/07/IMG_20200207_112115701-scaled.jpg,165852,ok
988,IMG_20191026_101956_271-Copy.jpg,https://tuexhibidor.cl/wp-content/uploads/2026/07/IMG_20191026_101956_271-Copy.jpg,product_gallery; upload_2026_07; recent_upload,export/wp-media-en-uso/2026/07/IMG_20191026_101956_271-Copy.jpg,37554,ok
989,IMG_20191026_101956_275.jpg,https://tuexhibidor.cl/wp-content/uploads/2026/07/IMG_20191026_101956_275.jpg,product_gallery; upload_2026_07; recent_upload,export/wp-media-en-uso/2026/07/IMG_20191026_101956_275.jpg,57767,ok
991,IMG_20191111_083721_497.jpg,https://tuexhibidor.cl/wp-content/uploads/2026/07/IMG_20191111_083721_497.jpg,product_gallery; upload_2026_07; recent_upload,export/wp-media-en-uso/2026/07/IMG_20191111_083721_497.jpg,32493,ok
992,IMG_20191025_175252.jpg,https://tuexhibidor.cl/wp-content/uploads/2026/07/IMG_20191025_175252.jpg,product_gallery; upload_2026_07; recent_upload,export/wp-media-en-uso/2026/07/IMG_20191025_175252.jpg,50328,ok
994,IMG_20191031_113939_044.jpg,https://tuexhibidor.cl/wp-content/uploads/2026/07/IMG_20191031_113939_044.jpg,post_content_class; upload_2026_07; recent_upload,export/wp-media-en-uso/2026/07/IMG_20191031_113939_044.jpg,32485,ok
995,IMG_20191025_090441-scaled.jpg,https://tuexhibidor.cl/wp-content/uploads/2026/07/IMG_20191025_090441-scaled.jpg,post_content_class; upload_2026_07; recent_upload,export/wp-media-en-uso/2026/07/IMG_20191025_090441-scaled.jpg,256156,ok
996,IMG_20191031_113939_042-1.jpg,https://tuexhibidor.cl/wp-content/uploads/2026/07/IMG_20191031_113939_042-1.jpg,post_content_class; upload_2026_07; recent_upload,export/wp-media-en-uso/2026/07/IMG_20191031_113939_042-1.jpg,39522,ok
997,IMG_20191031_113939_044-1.jpg,https://tuexhibidor.cl/wp-content/uploads/2026/07/IMG_20191031_113939_044-1.jpg,post_content_class; upload_2026_07; recent_upload,export/wp-media-en-uso/2026/07/IMG_20191031_113939_044-1.jpg,32485,ok
999,IMG_20190909_125013_763.jpg,https://tuexhibidor.cl/wp-content/uploads/2026/07/IMG_20190909_125013_763.jpg,product_gallery; upload_2026_07; recent_upload,export/wp-media-en-uso/2026/07/IMG_20190909_125013_763.jpg,138136,ok
1002,IMG_20200207_113446902-scaled.jpg,https://tuexhibidor.cl/wp-content/uploads/2026/07/IMG_20200207_113446902-scaled.jpg,product_gallery; upload_2026_07; recent_upload,export/wp-media-en-uso/2026/07/IMG_20200207_113446902-scaled.jpg,170835,ok
1003,IMG_20200122_204340_746.jpg,https://tuexhibidor.cl/wp-content/uploads/2019/05/IMG_20200122_204340_746.jpg,product_thumbnail; product_gallery; recent_upload,export/wp-media-en-uso/2019/05/IMG_20200122_204340_746.jpg,44609,ok
1004,IMG_20200207_113434052-1-scaled.jpg,https://tuexhibidor.cl/wp-content/uploads/2026/07/IMG_20200207_113434052-1-scaled.jpg,product_gallery; upload_2026_07; recent_upload,export/wp-media-en-uso/2026/07/IMG_20200207_113434052-1-scaled.jpg,177945,ok
1006,IMG_20200306_082422-scaled.jpg,https://tuexhibidor.cl/wp-content/uploads/2026/07/IMG_20200306_082422-scaled.jpg,product_gallery; upload_2026_07; recent_upload,export/wp-media-en-uso/2026/07/IMG_20200306_082422-scaled.jpg,275261,ok
1007,IMG_20200306_082432-scaled.jpg,https://tuexhibidor.cl/wp-content/uploads/2026/07/IMG_20200306_082432-scaled.jpg,product_gallery; upload_2026_07; recent_upload,export/wp-media-en-uso/2026/07/IMG_20200306_082432-scaled.jpg,237323,ok
1008,IMG_20200306_082442-scaled.jpg,https://tuexhibidor.cl/wp-content/uploads/2026/07/IMG_20200306_082442-scaled.jpg,product_gallery; upload_2026_07; recent_upload,export/wp-media-en-uso/2026/07/IMG_20200306_082442-scaled.jpg,246634,ok
1010,IMG_20191015_125742-scaled.jpg,https://tuexhibidor.cl/wp-content/uploads/2026/07/IMG_20191015_125742-scaled.jpg,product_gallery; upload_2026_07; recent_upload,export/wp-media-en-uso/2026/07/IMG_20191015_125742-scaled.jpg,428264,ok
1011,IMG_20191015_151257-scaled.jpg,https://tuexhibidor.cl/wp-content/uploads/2026/07/IMG_20191015_151257-scaled.jpg,product_gallery; upload_2026_07; recent_upload,export/wp-media-en-uso/2026/07/IMG_20191015_151257-scaled.jpg,397949,ok
1015,IMG_20200122_204340_765.jpg,https://tuexhibidor.cl/wp-content/uploads/2026/07/IMG_20200122_204340_765.jpg,product_gallery; upload_2026_07; recent_upload,export/wp-media-en-uso/2026/07/IMG_20200122_204340_765.jpg,51356,ok
1029,tue-bc-001-bandeja-para-charms-encantos-cuadros-5-cm-x-5-cm-35-cuadros-1.jpg,https://tuexhibidor.cl/wp-content/uploads/2026/07/tue-bc-001-bandeja-para-charms-encantos-cuadros-5-cm-x-5-cm-35-cuadros-1.jpg,product_thumbnail:TUE-BC-001; upload_2026_07; recent_upload,export/wp-media-en-uso/2026/07/tue-bc-001-bandeja-para-charms-encantos-cuadros-5-cm-x-5-cm-35-cuadros-1.jpg,246634,ok
1030,tue-bc-002-bandeja-para-charms-encantos-cuadros-5-cm-x-5-cm-35-cuadros-1.jpg,https://tuexhibidor.cl/wp-content/uploads/2026/07/tue-bc-002-bandeja-para-charms-encantos-cuadros-5-cm-x-5-cm-35-cuadros-1.jpg,product_thumbnail:TUE-BC-002; upload_2026_07; recent_upload,export/wp-media-en-uso/2026/07/tue-bc-002-bandeja-para-charms-encantos-cuadros-5-cm-x-5-cm-35-cuadros-1.jpg,397949,ok
1031,tue-bc-003-bandeja-para-charms-encantos-con-tapa-removible-cuadros-5-cm-1-1.jpg,https://tuexhibidor.cl/wp-content/uploads/2026/07/tue-bc-003-bandeja-para-charms-encantos-con-tapa-removible-cuadros-5-cm-1-1.jpg,product_thumbnail:TUE-BC-003; upload_2026_07; recent_upload,export/wp-media-en-uso/2026/07/tue-bc-003-bandeja-para-charms-encantos-con-tapa-removible-cuadros-5-cm-1-1.jpg,486122,ok
1032,tue-bc-004-bandeja-para-charms-encantos-y-anillos-cuadros-5-cm-x-5-cm-1.jpg,https://tuexhibidor.cl/wp-content/uploads/2026/07/tue-bc-004-bandeja-para-charms-encantos-y-anillos-cuadros-5-cm-x-5-cm-1.jpg,product_thumbnail:TUE-BC-004; upload_2026_07; recent_upload,export/wp-media-en-uso/2026/07/tue-bc-004-bandeja-para-charms-encantos-y-anillos-cuadros-5-cm-x-5-cm-1.jpg,51356,ok
1048,tue-ci-002-te-exhibidor-cintillos-o-diademas-altura-19-cm-y-27-cm-1.jpg,https://tuexhibidor.cl/wp-content/uploads/2026/07/tue-ci-002-te-exhibidor-cintillos-o-diademas-altura-19-cm-y-27-cm-1.jpg,product_thumbnail:TUE-CI-002; upload_2026_07; recent_upload,export/wp-media-en-uso/2026/07/tue-ci-002-te-exhibidor-cintillos-o-diademas-altura-19-cm-y-27-cm-1.jpg,276738,ok
1049,tue-ci-003-exhibidor-cintillos-o-diademas-altura-25-cm-1.jpg,https://tuexhibidor.cl/wp-content/uploads/2026/07/tue-ci-003-exhibidor-cintillos-o-diademas-altura-25-cm-1.jpg,product_thumbnail:TUE-CI-003; upload_2026_07; recent_upload,export/wp-media-en-uso/2026/07/tue-ci-003-exhibidor-cintillos-o-diademas-altura-25-cm-1.jpg,209701,ok
1050,tue-pu-022-exhibidor-para-pulseras-rigidas-altura-3-cm-1.jpg,https://tuexhibidor.cl/wp-content/uploads/2026/07/tue-pu-022-exhibidor-para-pulseras-rigidas-altura-3-cm-1.jpg,product_thumbnail:TUE-PU-022; upload_2026_07; recent_upload,export/wp-media-en-uso/2026/07/tue-pu-022-exhibidor-para-pulseras-rigidas-altura-3-cm-1.jpg,69890,ok
1051,tue-pu-023-media-luna-individual-para-pulsera-altura-4-5-cm-1.jpg,https://tuexhibidor.cl/wp-content/uploads/2026/07/tue-pu-023-media-luna-individual-para-pulsera-altura-4-5-cm-1.jpg,product_thumbnail:TUE-PU-023; upload_2026_07; recent_upload,export/wp-media-en-uso/2026/07/tue-pu-023-media-luna-individual-para-pulsera-altura-4-5-cm-1.jpg,67560,ok
1052,tue-pu-024-exhibidor-media-luna-para-pulseras-altura-10-cm-1.jpg,https://tuexhibidor.cl/wp-content/uploads/2026/07/tue-pu-024-exhibidor-media-luna-para-pulseras-altura-10-cm-1.jpg,product_thumbnail:TUE-PU-024; upload_2026_07; recent_upload,export/wp-media-en-uso/2026/07/tue-pu-024-exhibidor-media-luna-para-pulseras-altura-10-cm-1.jpg,174270,ok
1053,tue-pu-025-cilindro-diagonal-sencillo-para-pulseras-1.jpg,https://tuexhibidor.cl/wp-content/uploads/2026/07/tue-pu-025-cilindro-diagonal-sencillo-para-pulseras-1.jpg,product_thumbnail:TUE-PU-025; upload_2026_07; recent_upload,export/wp-media-en-uso/2026/07/tue-pu-025-cilindro-diagonal-sencillo-para-pulseras-1.jpg,92776,ok
1054,tue-pu-026-cilindro-vertical-sencillo-para-pulseras-1.jpg,https://tuexhibidor.cl/wp-content/uploads/2026/07/tue-pu-026-cilindro-vertical-sencillo-para-pulseras-1.jpg,product_thumbnail:TUE-PU-026; upload_2026_07; recent_upload,export/wp-media-en-uso/2026/07/tue-pu-026-cilindro-vertical-sencillo-para-pulseras-1.jpg,137443,ok
1055,tue-pu-027-exhibidor-de-pulseras-con-doble-soporte-horizontal-sencillo-1.jpg,https://tuexhibidor.cl/wp-content/uploads/2026/07/tue-pu-027-exhibidor-de-pulseras-con-doble-soporte-horizontal-sencillo-1.jpg,product_thumbnail:TUE-PU-027; upload_2026_07; recent_upload,export/wp-media-en-uso/2026/07/tue-pu-027-exhibidor-de-pulseras-con-doble-soporte-horizontal-sencillo-1.jpg,68167,ok
1056,tue-pu-028-exhibidor-de-pulseras-con-doble-soporte-horizontal-triple-1.jpg,https://tuexhibidor.cl/wp-content/uploads/2026/07/tue-pu-028-exhibidor-de-pulseras-con-doble-soporte-horizontal-triple-1.jpg,product_thumbnail:TUE-PU-028; upload_2026_07; recent_upload,export/wp-media-en-uso/2026/07/tue-pu-028-exhibidor-de-pulseras-con-doble-soporte-horizontal-triple-1.jpg,278142,ok
1057,tue-pu-029-te-exhibidor-de-pulseras-sencillo-1.jpg,https://tuexhibidor.cl/wp-content/uploads/2026/07/tue-pu-029-te-exhibidor-de-pulseras-sencillo-1.jpg,product_thumbnail:TUE-PU-029; upload_2026_07; recent_upload,export/wp-media-en-uso/2026/07/tue-pu-029-te-exhibidor-de-pulseras-sencillo-1.jpg,43027,ok
1058,tue-pu-030-te-exhibidor-de-pulseras-doble-1.jpg,https://tuexhibidor.cl/wp-content/uploads/2026/07/tue-pu-030-te-exhibidor-de-pulseras-doble-1.jpg,product_thumbnail:TUE-PU-030; upload_2026_07; recent_upload,export/wp-media-en-uso/2026/07/tue-pu-030-te-exhibidor-de-pulseras-doble-1.jpg,198280,ok
1059,tue-pu-031-te-exhibidor-de-pulseras-triple-1.jpg,https://tuexhibidor.cl/wp-content/uploads/2026/07/tue-pu-031-te-exhibidor-de-pulseras-triple-1.jpg,product_thumbnail:TUE-PU-031; upload_2026_07; recent_upload,export/wp-media-en-uso/2026/07/tue-pu-031-te-exhibidor-de-pulseras-triple-1.jpg,74104,ok
1060,tue-re-032-accesorio-para-pulseras-reloj-horizontal-1.jpg,https://tuexhibidor.cl/wp-content/uploads/2026/07/tue-re-032-accesorio-para-pulseras-reloj-horizontal-1.jpg,product_thumbnail:TUE-RE-032; upload_2026_07; recent_upload,export/wp-media-en-uso/2026/07/tue-re-032-accesorio-para-pulseras-reloj-horizontal-1.jpg,75140,ok
1061,tue-re-033-accesorio-para-pulseras-reloj-vertical-1.jpg,https://tuexhibidor.cl/wp-content/uploads/2026/07/tue-re-033-accesorio-para-pulseras-reloj-vertical-1.jpg,product_thumbnail:TUE-RE-033; upload_2026_07; recent_upload,export/wp-media-en-uso/2026/07/tue-re-033-accesorio-para-pulseras-reloj-vertical-1.jpg,67378,ok
1062,p-nm-pechera-para-cadenas-y-o-collares-1.jpg,https://tuexhibidor.cl/wp-content/uploads/2026/07/p-nm-pechera-para-cadenas-y-o-collares-1.jpg,product_thumbnail:P-NM; upload_2026_07; recent_upload,export/wp-media-en-uso/2026/07/p-nm-pechera-para-cadenas-y-o-collares-1.jpg,43751,ok
1063,l-dan-pechera-para-cadenas-y-o-collares-1.jpg,https://tuexhibidor.cl/wp-content/uploads/2026/07/l-dan-pechera-para-cadenas-y-o-collares-1.jpg,product_thumbnail:L-DAN; upload_2026_07; recent_upload,export/wp-media-en-uso/2026/07/l-dan-pechera-para-cadenas-y-o-collares-1.jpg,57579,ok
1064,dns-11-pechera-para-cadenas-y-o-collares-1.jpg,https://tuexhibidor.cl/wp-content/uploads/2026/07/dns-11-pechera-para-cadenas-y-o-collares-1.jpg,product_thumbnail:DNS-11; upload_2026_07; recent_upload,export/wp-media-en-uso/2026/07/dns-11-pechera-para-cadenas-y-o-collares-1.jpg,154623,ok
1065,k-28-pechera-para-cadenas-y-o-collares-1.jpg,https://tuexhibidor.cl/wp-content/uploads/2026/07/k-28-pechera-para-cadenas-y-o-collares-1.jpg,product_thumbnail:K-28; upload_2026_07; recent_upload,export/wp-media-en-uso/2026/07/k-28-pechera-para-cadenas-y-o-collares-1.jpg,44569,ok
1066,k-29-pechera-para-cadenas-y-o-collares-1.jpg,https://tuexhibidor.cl/wp-content/uploads/2026/07/k-29-pechera-para-cadenas-y-o-collares-1.jpg,product_thumbnail:K-29; upload_2026_07; recent_upload,export/wp-media-en-uso/2026/07/k-29-pechera-para-cadenas-y-o-collares-1.jpg,42621,ok
1067,tue-co-001-te-exhibidor-de-collares-1.jpg,https://tuexhibidor.cl/wp-content/uploads/2026/07/tue-co-001-te-exhibidor-de-collares-1.jpg,product_thumbnail:TUE-CO-001; upload_2026_07; recent_upload,export/wp-media-en-uso/2026/07/tue-co-001-te-exhibidor-de-collares-1.jpg,96332,ok
1068,bx-89-exhibidor-para-8-cadenas-y-o-collares-1.jpg,https://tuexhibidor.cl/wp-content/uploads/2026/07/bx-89-exhibidor-para-8-cadenas-y-o-collares-1.jpg,product_thumbnail:BX-89; upload_2026_07; recent_upload,export/wp-media-en-uso/2026/07/bx-89-exhibidor-para-8-cadenas-y-o-collares-1.jpg,57586,ok
1069,bx-109-exhibidor-para-10-cadenas-y-o-collares-1.jpg,https://tuexhibidor.cl/wp-content/uploads/2026/07/bx-109-exhibidor-para-10-cadenas-y-o-collares-1.jpg,product_thumbnail:BX-109; upload_2026_07; recent_upload,export/wp-media-en-uso/2026/07/bx-109-exhibidor-para-10-cadenas-y-o-collares-1.jpg,35014,ok
1070,bx-159-exhibidor-para-cadenas-y-o-collares-1.jpg,https://tuexhibidor.cl/wp-content/uploads/2026/07/bx-159-exhibidor-para-cadenas-y-o-collares-1.jpg,product_thumbnail:BX-159; upload_2026_07; recent_upload,export/wp-media-en-uso/2026/07/bx-159-exhibidor-para-cadenas-y-o-collares-1.jpg,164497,ok
1071,e-35-cuello-plano-para-cadenas-1.jpg,https://tuexhibidor.cl/wp-content/uploads/2026/07/e-35-cuello-plano-para-cadenas-1.jpg,product_thumbnail:E-35; upload_2026_07; recent_upload,export/wp-media-en-uso/2026/07/e-35-cuello-plano-para-cadenas-1.jpg,174625,ok
1072,e-40-cuello-plano-para-cadenas-y-aros-1.jpg,https://tuexhibidor.cl/wp-content/uploads/2026/07/e-40-cuello-plano-para-cadenas-y-aros-1.jpg,product_thumbnail:E-40; upload_2026_07; recent_upload,export/wp-media-en-uso/2026/07/e-40-cuello-plano-para-cadenas-y-aros-1.jpg,131182,ok
1073,e-xnl-cuello-plano-para-cadenas-2.jpg,https://tuexhibidor.cl/wp-content/uploads/2026/07/e-xnl-cuello-plano-para-cadenas-2.jpg,product_thumbnail:E-XNL; upload_2026_07; recent_upload,export/wp-media-en-uso/2026/07/e-xnl-cuello-plano-para-cadenas-2.jpg,174625,ok
1076,tue-s-035-accesorio-para-aros-l-ml-1.jpg,https://tuexhibidor.cl/wp-content/uploads/2026/07/tue-s-035-accesorio-para-aros-l-ml-1.jpg,product_thumbnail:TUE-S-035; upload_2026_07; recent_upload,export/wp-media-en-uso/2026/07/tue-s-035-accesorio-para-aros-l-ml-1.jpg,66894,ok
1078,tue-s-037-accesorio-para-aros-l-md22-1.jpg,https://tuexhibidor.cl/wp-content/uploads/2026/07/tue-s-037-accesorio-para-aros-l-md22-1.jpg,product_thumbnail:TUE-S-037; upload_2026_07; recent_upload,export/wp-media-en-uso/2026/07/tue-s-037-accesorio-para-aros-l-md22-1.jpg,91697,ok
1084,tue-di-043-accesorio-para-dijes-1-scaled.jpg,https://tuexhibidor.cl/wp-content/uploads/2026/07/tue-di-043-accesorio-para-dijes-1-scaled.jpg,product_thumbnail:TUE-DI-043; upload_2026_07; recent_upload,export/wp-media-en-uso/2026/07/tue-di-043-accesorio-para-dijes-1-scaled.jpg,545336,ok
1085,tue-di-015-exhibidor-para-dijes-1.jpg,https://tuexhibidor.cl/wp-content/uploads/2026/07/tue-di-015-exhibidor-para-dijes-1.jpg,product_thumbnail:TUE-DI-015; upload_2026_07; recent_upload,export/wp-media-en-uso/2026/07/tue-di-015-exhibidor-para-dijes-1.jpg,41162,ok
1088,tue-stand-001-set-vitrina-exhibidor-001-piezas-ecocuero-1.jpg,https://tuexhibidor.cl/wp-content/uploads/2026/07/tue-stand-001-set-vitrina-exhibidor-001-piezas-ecocuero-1.jpg,product_thumbnail:TUE-STAND-001; upload_2026_07; recent_upload,export/wp-media-en-uso/2026/07/tue-stand-001-set-vitrina-exhibidor-001-piezas-ecocuero-1.jpg,64823,ok
1089,tue-stand-002-set-vitrina-exhibidor-002-piezas-ecocuero-1.jpg,https://tuexhibidor.cl/wp-content/uploads/2026/07/tue-stand-002-set-vitrina-exhibidor-002-piezas-ecocuero-1.jpg,product_thumbnail:TUE-STAND-002; upload_2026_07; recent_upload,export/wp-media-en-uso/2026/07/tue-stand-002-set-vitrina-exhibidor-002-piezas-ecocuero-1.jpg,72127,ok
1090,tue-stand-003-set-vitrina-exhibidor-003-piezas-ecocuero-1.jpg,https://tuexhibidor.cl/wp-content/uploads/2026/07/tue-stand-003-set-vitrina-exhibidor-003-piezas-ecocuero-1.jpg,product_thumbnail:TUE-STAND-003; upload_2026_07; recent_upload,export/wp-media-en-uso/2026/07/tue-stand-003-set-vitrina-exhibidor-003-piezas-ecocuero-1.jpg,50188,ok
1091,tue-stand-004-set-vitrina-exhibidor-004-piezas-ecocuero-1.jpg,https://tuexhibidor.cl/wp-content/uploads/2026/07/tue-stand-004-set-vitrina-exhibidor-004-piezas-ecocuero-1.jpg,product_thumbnail:TUE-STAND-004; upload_2026_07; recent_upload,export/wp-media-en-uso/2026/07/tue-stand-004-set-vitrina-exhibidor-004-piezas-ecocuero-1.jpg,63341,ok
1092,tue-stand-005-set-vitrina-exhibidor-005-piezas-ecocuero-1.jpg,https://tuexhibidor.cl/wp-content/uploads/2026/07/tue-stand-005-set-vitrina-exhibidor-005-piezas-ecocuero-1.jpg,product_thumbnail:TUE-STAND-005; upload_2026_07; recent_upload,export/wp-media-en-uso/2026/07/tue-stand-005-set-vitrina-exhibidor-005-piezas-ecocuero-1.jpg,110681,ok
1093,tue-stand-006-set-vitrina-exhibidor-006-piezas-ecocuero-1.jpg,https://tuexhibidor.cl/wp-content/uploads/2026/07/tue-stand-006-set-vitrina-exhibidor-006-piezas-ecocuero-1.jpg,product_thumbnail:TUE-STAND-006; upload_2026_07; recent_upload,export/wp-media-en-uso/2026/07/tue-stand-006-set-vitrina-exhibidor-006-piezas-ecocuero-1.jpg,80448,ok
1094,tue-stand-007-set-vitrina-exhibidor-007-piezas-ecocuero-1.jpg,https://tuexhibidor.cl/wp-content/uploads/2026/07/tue-stand-007-set-vitrina-exhibidor-007-piezas-ecocuero-1.jpg,product_thumbnail:TUE-STAND-007; upload_2026_07; recent_upload,export/wp-media-en-uso/2026/07/tue-stand-007-set-vitrina-exhibidor-007-piezas-ecocuero-1.jpg,76753,ok
1095,tue-stand-008-set-vitrina-exhibidor-008-piezas-ecocuero-1.jpg,https://tuexhibidor.cl/wp-content/uploads/2026/07/tue-stand-008-set-vitrina-exhibidor-008-piezas-ecocuero-1.jpg,product_thumbnail:TUE-STAND-008; upload_2026_07; recent_upload,export/wp-media-en-uso/2026/07/tue-stand-008-set-vitrina-exhibidor-008-piezas-ecocuero-1.jpg,140212,ok
1096,tue-stand-009-set-vitrina-exhibidor-009-piezas-ecocuero-1.jpg,https://tuexhibidor.cl/wp-content/uploads/2026/07/tue-stand-009-set-vitrina-exhibidor-009-piezas-ecocuero-1.jpg,product_thumbnail:TUE-STAND-009; upload_2026_07; recent_upload,export/wp-media-en-uso/2026/07/tue-stand-009-set-vitrina-exhibidor-009-piezas-ecocuero-1.jpg,35536,ok
1097,tue-stand-010-set-vitrina-exhibidor-010-piezas-ecocuero-1.jpg,https://tuexhibidor.cl/wp-content/uploads/2026/07/tue-stand-010-set-vitrina-exhibidor-010-piezas-ecocuero-1.jpg,product_thumbnail:TUE-STAND-010; upload_2026_07; recent_upload,export/wp-media-en-uso/2026/07/tue-stand-010-set-vitrina-exhibidor-010-piezas-ecocuero-1.jpg,56410,ok
1098,tue-stand-011-set-vitrina-exhibidor-011-piezas-ecocuero-1.jpg,https://tuexhibidor.cl/wp-content/uploads/2026/07/tue-stand-011-set-vitrina-exhibidor-011-piezas-ecocuero-1.jpg,product_thumbnail:TUE-STAND-011; upload_2026_07; recent_upload,export/wp-media-en-uso/2026/07/tue-stand-011-set-vitrina-exhibidor-011-piezas-ecocuero-1.jpg,57996,ok
1099,tue-stand-012-set-vitrina-exhibidor-012-piezas-ecocuero-1.jpg,https://tuexhibidor.cl/wp-content/uploads/2026/07/tue-stand-012-set-vitrina-exhibidor-012-piezas-ecocuero-1.jpg,product_thumbnail:TUE-STAND-012; upload_2026_07; recent_upload,export/wp-media-en-uso/2026/07/tue-stand-012-set-vitrina-exhibidor-012-piezas-ecocuero-1.jpg,43543,ok
1100,tue-stand-013-set-vitrina-exhibidor-013-piezas-ecocuero-1.jpg,https://tuexhibidor.cl/wp-content/uploads/2026/07/tue-stand-013-set-vitrina-exhibidor-013-piezas-ecocuero-1.jpg,product_thumbnail:TUE-STAND-013; upload_2026_07; recent_upload,export/wp-media-en-uso/2026/07/tue-stand-013-set-vitrina-exhibidor-013-piezas-ecocuero-1.jpg,45742,ok
1104,PicsArt_10-22-10.30.57.jpg,https://tuexhibidor.cl/wp-content/uploads/2026/07/PicsArt_10-22-10.30.57.jpg,product_thumbnail:TUE-AN-017; upload_2026_07; recent_upload,export/wp-media-en-uso/2026/07/PicsArt_10-22-10.30.57.jpg,160030,ok
1105,PicsArt_10-22-10.29.36.jpg,https://tuexhibidor.cl/wp-content/uploads/2026/07/PicsArt_10-22-10.29.36.jpg,product_thumbnail:TUE-AN-018; upload_2026_07; recent_upload,export/wp-media-en-uso/2026/07/PicsArt_10-22-10.29.36.jpg,156913,ok
1106,559E0C79-AC6D-4557-A0E9-E6CEB8E810A8-rotated.jpg,https://tuexhibidor.cl/wp-content/uploads/2026/07/559E0C79-AC6D-4557-A0E9-E6CEB8E810A8-rotated.jpg,product_thumbnail:TUE-AN-015; upload_2026_07; recent_upload,export/wp-media-en-uso/2026/07/559E0C79-AC6D-4557-A0E9-E6CEB8E810A8-rotated.jpg,234755,ok
1107,PicsArt_09-03-06.34.43.jpg,https://tuexhibidor.cl/wp-content/uploads/2026/07/PicsArt_09-03-06.34.43.jpg,product_thumbnail:TUE-AN-014; upload_2026_07; recent_upload,export/wp-media-en-uso/2026/07/PicsArt_09-03-06.34.43.jpg,256262,ok
1109,PicsArt_10-25-10.32.38.jpg,https://tuexhibidor.cl/wp-content/uploads/2026/07/PicsArt_10-25-10.32.38.jpg,product_thumbnail:TUE-AN-021; upload_2026_07; recent_upload,export/wp-media-en-uso/2026/07/PicsArt_10-25-10.32.38.jpg,70234,ok
1110,PicsArt_10-25-10.32.00.jpg,https://tuexhibidor.cl/wp-content/uploads/2026/07/PicsArt_10-25-10.32.00.jpg,product_thumbnail:TUE-AN-022; upload_2026_07; recent_upload,export/wp-media-en-uso/2026/07/PicsArt_10-25-10.32.00.jpg,113423,ok
1111,PicsArt_10-13-07.59.22.jpg,https://tuexhibidor.cl/wp-content/uploads/2026/07/PicsArt_10-13-07.59.22.jpg,product_gallery; upload_2026_07; recent_upload,export/wp-media-en-uso/2026/07/PicsArt_10-13-07.59.22.jpg,71108,ok
1112,PicsArt_10-13-07.58.34.jpg,https://tuexhibidor.cl/wp-content/uploads/2026/07/PicsArt_10-13-07.58.34.jpg,product_gallery; upload_2026_07; recent_upload,export/wp-media-en-uso/2026/07/PicsArt_10-13-07.58.34.jpg,365750,ok
1113,PicsArt_10-13-08.00.12.jpg,https://tuexhibidor.cl/wp-content/uploads/2026/07/PicsArt_10-13-08.00.12.jpg,product_thumbnail:TUE-AN-016; upload_2026_07; recent_upload,export/wp-media-en-uso/2026/07/PicsArt_10-13-08.00.12.jpg,97442,ok
1114,PicsArt_09-06-08.16.18.png,https://tuexhibidor.cl/wp-content/uploads/2026/07/PicsArt_09-06-08.16.18.png,product_gallery; upload_2026_07; recent_upload,export/wp-media-en-uso/2026/07/PicsArt_09-06-08.16.18.png,3726926,ok
1116,PicsArt_09-06-08.17.09-scaled.jpg,https://tuexhibidor.cl/wp-content/uploads/2026/07/PicsArt_09-06-08.17.09-scaled.jpg,product_thumbnail:TUE-AN-010; upload_2026_07; recent_upload,export/wp-media-en-uso/2026/07/PicsArt_09-06-08.17.09-scaled.jpg,433193,ok
1118,ddce44de-9ad5-483d-ac3f-7151f9cf9094.png,https://tuexhibidor.cl/wp-content/uploads/2026/07/ddce44de-9ad5-483d-ac3f-7151f9cf9094.png,product_thumbnail:TUE-AN-012; upload_2026_07; recent_upload,export/wp-media-en-uso/2026/07/ddce44de-9ad5-483d-ac3f-7151f9cf9094.png,2138946,ok
1120,9e499911-eeb8-4c5c-8221-d0c2f6dfff8f.png,https://tuexhibidor.cl/wp-content/uploads/2026/07/9e499911-eeb8-4c5c-8221-d0c2f6dfff8f.png,product_thumbnail:TUE-AN-020; upload_2026_07; recent_upload,export/wp-media-en-uso/2026/07/9e499911-eeb8-4c5c-8221-d0c2f6dfff8f.png,1512822,ok
1122,PicsArt_09-05-03.13.37.png,https://tuexhibidor.cl/wp-content/uploads/2026/07/PicsArt_09-05-03.13.37.png,product_thumbnail:TUE-S-009; upload_2026_07; recent_upload,export/wp-media-en-uso/2026/07/PicsArt_09-05-03.13.37.png,2809918,ok
1123,d6b4f9f4-0523-41e3-98d5-df99c3907389-1.png,https://tuexhibidor.cl/wp-content/uploads/2026/07/d6b4f9f4-0523-41e3-98d5-df99c3907389-1.png,product_thumbnail:TUE-AN-011; upload_2026_07; recent_upload,export/wp-media-en-uso/2026/07/d6b4f9f4-0523-41e3-98d5-df99c3907389-1.png,2148577,ok
1125,3027f4d0-0095-4153-a628-653d21428aba.png,https://tuexhibidor.cl/wp-content/uploads/2026/07/3027f4d0-0095-4153-a628-653d21428aba.png,product_thumbnail:TUE-AN-019; upload_2026_07; recent_upload,export/wp-media-en-uso/2026/07/3027f4d0-0095-4153-a628-653d21428aba.png,1745248,ok
1126,ChatGPT-Image-Jul-8-2026-08_49_12-AM.png,https://tuexhibidor.cl/wp-content/uploads/2026/07/ChatGPT-Image-Jul-8-2026-08_49_12-AM.png,product_thumbnail:TUE-AN-013; upload_2026_07; recent_upload,export/wp-media-en-uso/2026/07/ChatGPT-Image-Jul-8-2026-08_49_12-AM.png,2700301,ok
1127,IMG-20200105-WA0002.jpg,https://tuexhibidor.cl/wp-content/uploads/2026/07/IMG-20200105-WA0002.jpg,product_thumbnail:TUE-BA-001; upload_2026_07; recent_upload,export/wp-media-en-uso/2026/07/IMG-20200105-WA0002.jpg,37749,ok
1128,PicsArt_09-05-08.45.26.png,https://tuexhibidor.cl/wp-content/uploads/2019/05/PicsArt_09-05-08.45.26.png,product_thumbnail; recent_upload,export/wp-media-en-uso/2019/05/PicsArt_09-05-08.45.26.png,3678127,ok
1129,PicsArt_09-05-09.02.43.png,https://tuexhibidor.cl/wp-content/uploads/2019/05/PicsArt_09-05-09.02.43.png,product_thumbnail; product_gallery; recent_upload,export/wp-media-en-uso/2019/05/PicsArt_09-05-09.02.43.png,2035348,ok
1132,IMG_20190815_091814-scaled.jpg,https://tuexhibidor.cl/wp-content/uploads/2026/07/IMG_20190815_091814-scaled.jpg,product_thumbnail:TUE-BA-003; upload_2026_07; recent_upload,export/wp-media-en-uso/2026/07/IMG_20190815_091814-scaled.jpg,269205,ok
1133,IMG-20200803-WA0077.jpg,https://tuexhibidor.cl/wp-content/uploads/2026/07/IMG-20200803-WA0077.jpg,product_thumbnail:TUE-BA-013; upload_2026_07; recent_upload,export/wp-media-en-uso/2026/07/IMG-20200803-WA0077.jpg,49387,ok
1134,PicsArt_09-05-08.35.04.png,https://tuexhibidor.cl/wp-content/uploads/2026/07/PicsArt_09-05-08.35.04.png,product_thumbnail:TUE-BA-006; upload_2026_07; recent_upload,export/wp-media-en-uso/2026/07/PicsArt_09-05-08.35.04.png,3446889,ok
1135,PicsArt_10-11-11.12.21.jpg,https://tuexhibidor.cl/wp-content/uploads/2026/07/PicsArt_10-11-11.12.21.jpg,product_thumbnail:TUE-BA-012; upload_2026_07; recent_upload,export/wp-media-en-uso/2026/07/PicsArt_10-11-11.12.21.jpg,57029,ok
1136,IMG_20190905_145335_706.jpg,https://tuexhibidor.cl/wp-content/uploads/2026/07/IMG_20190905_145335_706.jpg,product_gallery; upload_2026_07; recent_upload,export/wp-media-en-uso/2026/07/IMG_20190905_145335_706.jpg,41238,ok
1137,IMG_20190905_145335_708.jpg,https://tuexhibidor.cl/wp-content/uploads/2026/07/IMG_20190905_145335_708.jpg,product_thumbnail:TUE-BA-002; upload_2026_07; recent_upload,export/wp-media-en-uso/2026/07/IMG_20190905_145335_708.jpg,42793,ok
1138,a0650840-5f4e-403b-8967-b4665705bb85.png,https://tuexhibidor.cl/wp-content/uploads/2026/07/a0650840-5f4e-403b-8967-b4665705bb85.png,product_thumbnail:TUE-BA-005; upload_2026_07; recent_upload,export/wp-media-en-uso/2026/07/a0650840-5f4e-403b-8967-b4665705bb85.png,2599230,ok
1139,PicsArt_10-03-01.02.59.jpg,https://tuexhibidor.cl/wp-content/uploads/2026/07/PicsArt_10-03-01.02.59.jpg,product_thumbnail:TUE-BA-034; upload_2026_07; recent_upload,export/wp-media-en-uso/2026/07/PicsArt_10-03-01.02.59.jpg,488517,ok
1140,PicsArt_10-03-01.04.24.jpg,https://tuexhibidor.cl/wp-content/uploads/2026/07/PicsArt_10-03-01.04.24.jpg,product_thumbnail:TUE-BA-009; upload_2026_07; recent_upload,export/wp-media-en-uso/2026/07/PicsArt_10-03-01.04.24.jpg,691906,ok
1141,9b204b34-af5d-4de7-80bd-c22e1ef776fa.png,https://tuexhibidor.cl/wp-content/uploads/2026/07/9b204b34-af5d-4de7-80bd-c22e1ef776fa.png,product_thumbnail:TUE-BA-035; upload_2026_07; recent_upload,export/wp-media-en-uso/2026/07/9b204b34-af5d-4de7-80bd-c22e1ef776fa.png,2819952,ok
1142,e6358b62-df1b-4c4e-ab11-2d190f28dddb.png,https://tuexhibidor.cl/wp-content/uploads/2026/07/e6358b62-df1b-4c4e-ab11-2d190f28dddb.png,product_thumbnail:TUE-CI-001; upload_2026_07; recent_upload,export/wp-media-en-uso/2026/07/e6358b62-df1b-4c4e-ab11-2d190f28dddb.png,1415989,ok
1143,IMG_20200207_112744548-scaled.jpg,https://tuexhibidor.cl/wp-content/uploads/2026/07/IMG_20200207_112744548-scaled.jpg,product_thumbnail:TUE-019; upload_2026_07; recent_upload,export/wp-media-en-uso/2026/07/IMG_20200207_112744548-scaled.jpg,184665,ok
1144,IMG_20200207_112745810-scaled.jpg,https://tuexhibidor.cl/wp-content/uploads/2026/07/IMG_20200207_112745810-scaled.jpg,product_gallery; upload_2026_07; recent_upload,export/wp-media-en-uso/2026/07/IMG_20200207_112745810-scaled.jpg,184810,ok
1145,IMG_20191030_202027.jpg,https://tuexhibidor.cl/wp-content/uploads/2026/07/IMG_20191030_202027.jpg,product_thumbnail:TUE-AR-038; upload_2026_07; recent_upload,export/wp-media-en-uso/2026/07/IMG_20191030_202027.jpg,28979,ok
1146,IMG_20191029_095615_153.jpg,https://tuexhibidor.cl/wp-content/uploads/2026/07/IMG_20191029_095615_153.jpg,product_thumbnail:TUE-AR-040; upload_2026_07; recent_upload,export/wp-media-en-uso/2026/07/IMG_20191029_095615_153.jpg,30354,ok
1148,IMG_20190730_112954-scaled.jpg,https://tuexhibidor.cl/wp-content/uploads/2026/07/IMG_20190730_112954-scaled.jpg,product_thumbnail:TUE-S-042; upload_2026_07; recent_upload,export/wp-media-en-uso/2026/07/IMG_20190730_112954-scaled.jpg,544283,ok
1149,IMG-20200122-WA0017.jpg,https://tuexhibidor.cl/wp-content/uploads/2026/07/IMG-20200122-WA0017.jpg,product_thumbnail:TUE-BA-010; upload_2026_07; recent_upload,export/wp-media-en-uso/2026/07/IMG-20200122-WA0017.jpg,68788,ok
1150,IMG_20200122_210140_820.jpg,https://tuexhibidor.cl/wp-content/uploads/2026/07/IMG_20200122_210140_820.jpg,product_thumbnail:TUE-BA-004; upload_2026_07; recent_upload,export/wp-media-en-uso/2026/07/IMG_20200122_210140_820.jpg,63141,ok
1151,IMG_20191111_083344_667.jpg,https://tuexhibidor.cl/wp-content/uploads/2026/07/IMG_20191111_083344_667.jpg,product_thumbnail:TUE-AR-044; upload_2026_07; recent_upload,export/wp-media-en-uso/2026/07/IMG_20191111_083344_667.jpg,61323,ok
1152,0d8f198b-5733-411a-9efc-d6b8189a73fd.png,https://tuexhibidor.cl/wp-content/uploads/2026/07/0d8f198b-5733-411a-9efc-d6b8189a73fd.png,product_thumbnail:TUE-BA-011; upload_2026_07; recent_upload,export/wp-media-en-uso/2026/07/0d8f198b-5733-411a-9efc-d6b8189a73fd.png,2332265,ok
1153,e111dc7a-f667-4fec-bc98-5e635902ebc5.png,https://tuexhibidor.cl/wp-content/uploads/2026/07/e111dc7a-f667-4fec-bc98-5e635902ebc5.png,product_thumbnail:TUE-AR-045; upload_2026_07; recent_upload,export/wp-media-en-uso/2026/07/e111dc7a-f667-4fec-bc98-5e635902ebc5.png,2190947,ok